date,direction,amount_usd,party,category,note
2025-12-31,in,7450.00,Synergy,sponsorship,Paid directly to recipients by Synergy in 2025
2025-12-31,out,3000.00,mrnicegyu11,payout,Dustin Kaiser. 2025 total
2025-12-31,out,1300.00,sithlord48,payout,Chris Rizzitello. 2025 total
2025-12-31,out,750.00,laz-001,payout,2025 total
2025-12-31,out,500.00,zelosleone,payout,Denizhan Dakılır. 2025 total
2025-12-31,out,200.00,BMagnu,payout,2025 total
2025-12-31,out,200.00,varshith257,payout,Vamshi Maskuri. 2025 total
2025-12-31,out,1000.00,KDE e.V.,upstream,2025 total
2025-12-31,out,500.00,GNOME Foundation,upstream,2025 total
